Symbol,Price_Increase_Percentage,Screeners,MVP_Last_6Mo,IBD_RSI,Nr_Of_Spikes,Volume-Acceleration(%),RSI_12M,RSI_3M,RSI_6M,Price_Tightness_1W
CNSWF,inf,5,,72,,,91.5780436468372,87.27006648446431,87.27006648446431,100.0
QBTS,2533.5776149233848,7,,99,1,210.57,88.50758180367119,88.50758180367119,88.50758180367119,19.592808038075095
FNCH,1340.9090909090908,5,,96,,,96.6996699669967,72.34636871508378,93.11023622047244,2.654545454545456
AONC,1074.2574257425742,5,,98,,,91.19496855345913,86.31239935587762,91.19496855345913,32.546374367622256
AMBR,1068.7499999999998,7,1,98,,82.43,97.8494623655914,75.6637168141593,82.04449152542374,18.43971631205674
PRCH,1061.9047619047617,7,,99,1,60.39,88.73873873873872,85.21256931608133,85.21256931608133,20.342034203420344
OKLO,1005.4205607476636,7,1,99,,135.20,90.99125364431488,90.99125364431488,90.99125364431488,23.24075651729426
AEVA,893.1818181818181,7,1,99,,312.76,97.07357859531773,97.07357859531773,97.07357859531773,24.027459954233407
LTBR,690.1785714285713,7,,99,1,113.74,89.10012674271229,85.70736434108525,85.70736434108525,18.231555810397555
NEON,689.4736842105264,6,,95,1,,87.98283261802572,87.98283261802572,87.98283261802572,7.063197026022302
ALMU,674.0,7,1,99,,715.40,96.27367135003054,95.26387009472258,95.26387009472258,27.286821705426362
SNWV,663.3735312306741,6,,98,,318.30,86.61367717006688,87.84829721362232,83.15018315018314,17.771883289124666
SPCB,643.1372549019608,5,,98,,,88.47457627118645,88.47457627118645,88.47457627118645,28.977845930349854
HSAI,586.9318181818181,6,,98,,188.61,92.67441860465117,76.57864523536165,76.57864523536165,12.280701754385964
NAGE,486.9848156182212,6,,98,,71.62,90.80459770114943,84.59259259259261,84.59259259259261,20.103473762010342
OPFI,482.2036124794746,6,,97,,77.12,94.04761904761904,89.74358974358974,94.04761904761904,13.83963791886393
HOOD,456.5092989985693,6,,98,,94.68,89.91756499682943,85.61983471074379,85.61983471074379,15.964010282776353
HIMS,441.7965850037119,7,,97,1,273.91,96.65871121718378,93.18971507991661,96.65871121718378,23.036960071248334
CNL,433.3333333333333,6,,98,,312.49,94.12955465587045,81.98433420365535,94.12955465587045,10.583333333333329
MSTR,430.2734375,5,,96,,,98.17460317460323,98.17460317460323,98.17460317460323,7.723093290103601
PVLA,372.09677419354836,6,1,93,,,91.4002205071665,67.54596322941646,91.4002205071665,15.410323059784622
LEU,355.7296329453895,7,,98,1,93.52,96.67093469910371,91.06452572108236,91.06452572108236,19.28559735454932
FTK,337.20316622691297,7,,98,2,202.25,96.81668496158068,96.81668496158068,96.81668496158068,18.94990947495474
RNMBY,334.5149807178879,7,1,98,,166.02,95.44198895027627,82.70526213023527,95.44198895027627,8.59190988223246
HRTG,333.87622149837136,5,,96,,,90.44401544401545,89.24731182795699,89.24731182795699,15.503875968992247
FNMAS,329.36288088642664,5,,96,,,93.8095238095238,94.00749063670406,87.81725888324871,15.17781469301963
XIACY,313.12499999999994,6,,96,,76.82,89.92974238875865,80.05159071367152,88.17934782608698,5.95408895265424
ORLA,283.6419753086419,6,,97,,90.89,87.82051282051285,87.41418764302058,87.41418764302058,13.917940466613038
AS,280.90999010880313,6,,96,,69.22,93.66120218579233,93.66120218579233,93.66120218579233,5.963541666666665
DUOL,275.68424681144427,7,1,96,1,,98.24372056514915,98.24372056514915,98.24372056514915,10.136960947621688
PPTA,258.48303393213575,7,,96,1,167.16,89.8243045387994,89.8243045387994,89.8243045387994,21.54788418708241
ADPT,255.51839464882943,6,,96,1,,83.0860534124629,74.90039840637449,74.90039840637449,12.3236124176858
CVNA,251.2543728135932,5,,97,,,92.39750203638339,84.70037453183522,92.39750203638339,9.965000142275839
UI,237.9692219185963,7,1,95,1,,100.0,100.0,100.0,7.047614487827064
CYD,209.97624703087885,6,,93,,116.55,96.61368348306843,81.81818181818178,96.61368348306843,13.60123647604328
SSRM,208.56481481481478,5,,96,,,87.46081504702195,82.08955223880601,85.15624999999999,12.45311327831958
USAU,205.52016985138005,6,,96,,187.03,85.58225508317929,85.58225508317929,85.58225508317929,17.09520500347464
PRPO,201.53846153846155,6,,95,1,,87.18446601941747,87.18446601941747,87.18446601941747,18.622448979591834
OPOF,198.39416058394164,6,,95,1,,94.91298527443102,94.91298527443102,94.91298527443102,4.074534161490685
GBFH,195.62982005141387,7,1,94,,187.43,96.0365853658538,88.80407124681935,88.80407124681935,4.499999999999993
DCTH,183.9563862928349,5,,93,,,92.1241050119332,84.67836257309938,84.67836257309938,9.447004608294925
CCRD,175.88591184096802,6,1,95,,,93.65853658536582,92.99820466786355,92.99820466786355,18.60902255639098
STRT,169.35866983372924,6,,91,,93.08,87.37044145873318,87.37044145873318,87.37044145873318,7.41787354291769
IRTC,164.5922746781116,7,1,94,1,,98.55828983345765,98.55828983345765,98.55828983345765,6.609894566098946
GH,162.76067527308837,5,,92,,,92.95573536411231,75.34097108565193,92.95573536411231,21.46814404432133
NET,162.50360958706324,5,,96,,,93.7812567949554,93.7812567949554,93.7812567949554,10.747483636763649
FUTU,152.66409266409266,5,,86,,,95.90719499478624,81.15866388308977,81.15866388308977,11.589635854341733
ZLAB,148.40724547158027,5,,91,,,86.48111332007959,75.09481668773704,86.01769911504425,23.901170351105332
ANGO,146.800731261426,6,,91,1,,87.61904761904762,73.95498392282957,81.69934640522877,20.945945945945947
DOMO,146.75540765391014,7,,95,1,53.45,97.01492537313433,91.87499999999999,97.01492537313433,15.509103169251523
KARO,145.58139534883722,6,,92,1,,88.94028595458367,88.94028595458367,88.94028595458367,14.551767676767675
NCSM,144.96855345911953,5,,88,,,93.47290640394091,84.39661798616449,84.39661798616449,8.05778491171749
LLYVK,143.7611940298507,5,,91,,,96.83293745051466,82.21771467207574,95.0,7.687379884689302
BYDDF,140.55533828705512,6,,90,,66.61,91.82879377431907,84.1626213592233,86.22641509433961,8.800300864986836
PBI,138.3116883116883,5,,90,,,88.99676375404529,87.30964467005069,87.30964467005069,6.086142322097382
TGI,135.78564940962764,5,,90,,,97.66081871345034,92.52336448598116,97.66081871345034,0.77041602465331
KTOS,131.53992183137913,5,,93,,,87.87593984962405,81.12189859762677,87.87593984962405,10.052859016899463
DAN,131.39841688654352,6,1,88,,,96.18181818181817,95.60878243512973,95.60878243512973,8.095781071835793
TDS,130.22346368715085,5,,84,,,91.33034379671162,91.33034379671162,91.33034379671162,7.346037006351846
NTGR,128.788977519942,5,,93,,,85.63535911602209,84.93273542600895,84.93273542600895,6.850649350649348
TTMI,126.94990488268864,6,,94,1,,94.50457951706908,94.50457951706908,94.50457951706908,17.658563844649343
MIR,126.67398463227222,7,,94,1,53.67,90.93264248704672,90.93264248704672,90.93264248704672,8.958837772397086
CIXXF,125.46523016650339,5,,90,,,98.91304347826083,92.79279279279264,92.79279279279264,0.4778453518679384
ATROB,125.43741588156125,7,,93,1,72.63,99.83766233766237,94.11764705882364,99.83766233766237,11.134328358208956
ERJ,124.2868462757528,6,1,83,,,95.31680440771345,82.22923238696112,87.49181401440735,5.981155264235973
TGLS,120.66438690766978,5,,90,,,93.91468005018821,82.56062767475035,82.56062767475035,8.058445871153422
LKNCY,120.0810185185185,5,,93,,,91.40154772141015,72.38700564971751,86.75721561969443,11.503195332036679
SWTX,119.78021978021978,6,,65,,425.89,96.27766599597588,96.27766599597588,96.27766599597588,0.46968403074296744
CFSB,117.35015772870663,6,,96,,336.53,97.25806451612901,97.25806451612901,97.25806451612901,0.7299270072992675
AXSM,117.01762595538916,5,,72,,,92.25674987264387,92.25674987264387,92.25674987264387,7.007943512797881
ROAD,116.8894053844664,5,,92,,,91.18942731277536,91.18942731277536,91.18942731277536,8.796213609573144
NFLX,115.11481330062688,5,,93,,,94.52336448598132,94.52336448598132,94.52336448598132,5.27078499536747
TOST,113.69606003752347,5,,91,,,93.54838709677418,84.3609022556391,84.3609022556391,9.084880636604773
SSYS,112.89256198347108,6,,82,1,,88.04780876494024,86.9706840390879,86.9706840390879,7.813953488372091
LBRDK,110.61158363710003,5,,87,,,90.61012548680225,90.61012548680225,90.61012548680225,3.9924154640261307
SSTI,108.4763948497854,5,,74,,,79.0492957746479,71.8963165075034,74.55012853470437,8.207604103802048
AVGO,106.5603112840467,5,,91,,,92.56249041558044,92.56249041558044,92.56249041558044,9.162491052254829
AGI,106.52898067954698,5,,88,,,86.04651162790698,84.14179104477614,82.3399558498896,5.686695278969956
ODC,104.68272819816764,6,,92,1,,92.4129353233831,92.4129353233831,92.4129353233831,18.302387267904507
ONC,103.72231264595568,5,,86,,,97.54929058411648,90.33684210526314,97.54929058411648,11.153888868322657
X,101.56075808249723,6,,92,1,,89.95713410900183,89.95713410900183,89.95713410900183,2.8761061946902697
ZS,99.92179863147605,6,,93,1,,98.95470383275263,98.95470383275263,98.95470383275263,9.919160310320084
JOYY,98.38593974175038,5,,84,,,90.08363201911587,81.33561643835604,81.33561643835604,4.320358671285913
HKXCY,97.03703703703704,5,,90,,,94.68037550290566,86.72680412371132,86.72680412371132,5.60902255639098
NTDOY,95.39823008849555,5,,89,,,93.64261168384884,89.88095238095241,89.88095238095241,4.828879512423805
PLYA,94.22446043165466,5,,87,,,86.20689655172418,81.81818181818211,86.20689655172418,0.3600373372053429
GILD,91.3848117421825,5,,84,,,88.59616108392923,74.51612903225804,88.59616108392923,6.897463002114164
PODD,90.36416184971098,6,,88,1,,93.83651944627553,88.24008138351982,88.24008138351982,7.039095850864535
VSEC,90.17175572519082,5,,86,,,87.39144419427471,79.55776173285199,80.82127858142795,4.682175137057337
LI,89.90825688073392,5,,87,,,88.26815642458102,88.26815642458102,88.26815642458102,9.492635024549925
MYTAY,89.35698447893571,5,,92,,,93.29545454545452,93.29545454545452,93.29545454545452,3.3957845433255307
ULS,89.16601714731098,6,1,91,,,95.56962025316463,95.56962025316463,95.56962025316463,5.4132631870414105
ITRN,88.34991708126036,5,,79,,,90.0,81.19402985074622,83.58208955223883,6.58061250316376
IPI,88.0453121234032,7,,90,1,75.02,86.84210526315793,86.84210526315793,86.84210526315793,4.318067490818863
GBNY,87.16683119447185,5,,84,,,92.59259259259258,81.73515981735164,81.73515981735164,3.6210018105009034
JBL,87.15567612687812,6,1,90,,,98.59783301465903,96.35890767230167,98.59783301465903,8.189775324747727
MTZ,85.58248110271232,5,,90,,,99.74153528043419,99.74153528043419,99.74153528043419,7.624242424242432
RL,85.51551679917925,5,,87,,,93.89757743023614,93.89757743023614,93.89757743023614,5.570254347902783
ONIT,84.24107142857146,6,,86,,60.20,96.23529411764713,91.25364431486882,91.25364431486882,4.40251572327044
ADYEY,82.93135435992579,5,,85,,,92.84009546539377,80.76923076923079,80.76923076923079,6.135902636916822
OR,82.53968253968256,5,,91,,,91.33574007220211,85.74610244988864,84.89326765188832,6.9927536231884035
CIHKY,82.25274725274727,5,,87,,,92.07360226468506,91.32602193419743,91.32602193419743,7.450381679389317
LYV,81.71869600276466,5,,85,,,94.77054429028807,83.67003367003369,94.77054429028807,7.4341021416804045
OSIS,81.59931877999689,5,,89,,,97.06422018348621,89.3073864825277,90.00706214689262,6.123161524025663
FOX,80.26876433956079,5,,79,,,93.59999999999962,84.77508650519025,86.5136298421808,4.074868395398706
RYTM,79.66580976863754,5,,89,,,83.71361132966169,79.87913259864912,80.36303630363037,13.006152525397058
CW,79.01487347884874,6,1,91,,,98.45367252774659,98.45367252774659,98.45367252774659,6.0490310328456065
TTWO,78.03904170363796,5,,85,,,90.18663455749537,79.3623520427644,79.3623520427644,5.2106004352835775
NRIM,77.447216890595,6,,86,,117.63,90.05780346820816,90.05780346820816,90.05780346820816,4.567255286679745
BKNG,77.34905660377358,5,,85,,,94.36659239085574,82.95939449941338,82.95939449941338,3.104065819103844
CIVB,76.47058823529413,5,,81,,,96.530612244898,96.530612244898,96.530612244898,5.918727915194346
LFCBY,75.43731778425655,5,,84,,,96.18320610687019,94.40000000000006,94.40000000000006,13.318584070796465
AR,73.76681614349775,5,,82,,,90.52987598647121,82.60869565217394,90.52987598647121,6.751963516594881
EXE,73.66898148148148,5,,85,,,89.72005507113352,87.12697483908717,88.22544642857143,4.53182272575809
MGIC,73.50157728706625,5,,89,,,80.10899182561306,80.10899182561306,80.10899182561306,5.231143552311442
TIPT,72.43589743589743,5,,68,,,85.2348993288591,69.18429003021151,79.65517241379314,5.448997384481255
CLBR,72.1182266009852,7,,90,1,415.55,98.6577181208054,95.83333333333336,95.83333333333336,22.32398397252432
DGICB,72.09302325581395,5,,84,,,100.0,95.48022598870047,100.0,6.562847608453835
SIBN,71.36752136752138,6,1,84,,,96.79245283018868,92.55617977528088,92.55617977528088,4.966373512674585
PRDO,71.03311913000495,6,,87,1,,98.434004474273,89.10550458715596,89.10550458715596,9.913294797687861
CSGS,70.9228824273072,6,1,83,,,95.3846153846154,86.26168224299067,95.3846153846154,8.330867120449831
NPSNY,70.91666666666667,5,,88,,,89.43472409152086,84.96732026143788,89.43472409152086,6.435884934178452
CVLT,70.33220820749688,6,1,87,,,94.04494382022472,80.71698953462484,94.04494382022472,5.407801418439719
MT,70.07797270955164,5,,74,,,85.62401263823065,80.22922636103152,81.86915887850463,3.626943005181339
MELI,70.05677419354839,5,,86,,,88.70333230484417,86.55445188547802,86.55445188547802,8.136782580237616
BH,69.92297576554576,6,,87,,417.92,84.6300798888503,74.3452791178498,78.62756952841593,9.568265682656829
FMS,69.88287785833799,5,,85,,,92.05298013245039,87.93650793650797,92.05298013245039,2.387543252595148
CCHGY,69.77099236641222,6,,87,1,,87.20568636161707,87.20568636161707,87.20568636161707,2.714258876573349
UBOH,68.93732970027247,5,,81,,,98.12265331664578,88.26086956521728,98.09885931558932,1.9963702359346667
SGAPY,68.76277057223092,6,,86,,51.23,97.23076923076924,76.02339181286546,91.09848484848487,7.704758821625118
FRFHF,68.63680623174295,5,,85,,,90.06816517379298,87.83753222669498,87.83753222669498,2.9052941176470646
BOTJ,68.14595660749507,5,,69,,,90.09900990099013,80.33333333333334,78.68338557993731,3.4482758620689653
TCEHY,67.90697674418605,5,,80,,,88.32199546485259,78.4041630529055,88.32199546485259,4.4665761279613605
SENEB,67.74308652988404,5,,83,,,100.0,99.40711462450591,100.0,2.3917748917749
VRSN,67.51695750478287,5,,89,,,96.72645739910318,87.08586883029068,96.72645739910318,5.432384154670586
ISBA,66.49572649572649,5,,87,,,100.0,88.8349514563108,88.8349514563108,7.597535934291577
DSDVY,66.27937856858318,5,,86,,,88.17802503477054,88.17802503477054,88.17802503477054,7.023357955679767
PAAS,66.06942889137738,6,,88,,50.75,93.13304721030042,93.13304721030042,93.13304721030042,16.048550236008097
VEEV,65.3421007879372,6,,85,1,,82.14686728048505,79.16264478764478,79.16264478764478,5.598601206801969
ASND,64.73129894679988,5,,86,,,86.64067309665504,82.87615974183133,86.64067309665504,8.01560758082497
ISNPY,64.31802076447116,5,,86,,,92.00913242009136,92.00913242009136,92.00913242009136,3.901591895803181
SMSMY,63.88012618296531,6,,85,,146.14,93.87755102040816,93.87755102040816,93.87755102040816,7.058823529411754
PAC,63.70208702769064,5,,87,,,81.95571955719558,81.95571955719558,81.95571955719558,5.066244479626696
DTEGY,62.412896515860616,5,,81,,,91.58075601374578,74.89469250210618,85.66666666666667,3.867827868852454
ALIZY,62.22641509433963,5,,81,,,92.8104575163399,90.29585798816575,90.29585798816575,2.3457734145679523
BNPQY,62.115451088835115,5,,83,,,84.30851063829793,84.11386593204773,84.11386593204773,3.2983174574913185
SSREY,61.689655172413794,5,,79,,,99.10394265232974,80.0166527893422,83.72641509433966,3.7159920371599195
SBS,61.37404580152672,5,,84,,,94.14758269720109,94.14758269720109,94.14758269720109,3.2882011605415844
TXNM,61.10798650168727,6,,84,,94.04,92.08633093525184,83.70253164556961,85.96750369276222,1.2451771308312887
CFRUY,61.10260336906583,5,,74,,,93.12267657992564,82.57142857142858,93.12267657992564,3.287380699893961
BHKLY,60.72838177251525,5,,87,,,79.19725893294176,79.19725893294176,79.19725893294176,7.04475945976114
RGLD,60.19044437019713,5,,82,,,96.3267543859649,91.54481881754619,91.54481881754619,7.312653235262764
USFD,59.12087912087913,5,,83,,,91.37554585152833,90.06578947368426,90.06578947368426,3.4639123315279003
MMM,59.11866476694483,5,,72,,,91.3202042304888,77.23523589574397,90.31886285055701,4.2161799261497155
NFG,58.91005091457664,5,,85,,,91.82222222222221,87.0772946859904,91.82222222222221,3.9753174320635987
TBPH,58.87096774193547,6,,80,1,,86.231884057971,86.231884057971,86.231884057971,15.651438240270723
FORTY,58.775981524249424,5,,87,,,100.0,94.62851405622487,94.62851405622487,0.0
CAAP,58.43179377013964,5,,77,,,88.78281622911693,82.98319327731095,82.98319327731095,4.07088122605363
ORANY,58.12500000000001,5,,82,,,87.29641693811075,71.89349112426032,87.29641693811075,2.9790115098171936
BMI,57.908367762224835,7,,81,1,54.21,90.17763845350053,90.17763845350053,90.17763845350053,4.268197438300523
SIEGY,57.6636087235668,5,,78,,,86.68197474167626,82.34735843087631,84.27707531610776,4.072059444263039
AXAHY,57.60309278350516,6,,84,,59.88,93.87129724208374,93.87129724208374,93.87129724208374,3.066230580539657
MCK,57.404018001335025,5,,78,,,92.33545647558384,92.27053140096614,92.27053140096614,3.943130832117604
NC,57.40373163953949,5,,79,,,87.218045112782,75.77092511013224,86.48648648648651,5.987394957983196
HSBC,57.01598579040854,5,,82,,,86.18376928236086,86.18376928236086,86.18376928236086,2.3797719385225546
SSBK,56.14035087719298,6,,71,,74.46,94.8626045400239,83.98203592814363,83.98203592814363,4.3877258388299225
BWB,55.32319391634981,7,1,73,,90.46,83.72641509433963,83.64055299539169,83.64055299539169,5.901639344262297
SGI,55.12877442273536,5,,82,,,88.06584362139917,75.78947368421052,88.06584362139917,5.592503022974601
DBSDY,55.06110937010341,6,,75,1,,96.79658302189004,96.79658302189004,96.79658302189004,8.043654001616813
KT,54.80916030534353,5,,82,,,93.61702127659564,93.61702127659564,93.61702127659564,5.982905982905989
LOPE,54.77848343408065,5,,77,,,94.3013100436681,92.08937198067632,93.39233038348081,9.083708727290727
BFC,54.5974025974026,6,,81,,291.63,96.05418138987042,87.95240456122953,87.95240456122953,3.688489516474102
RRC,53.719311102968135,5,,73,,,90.9316770186335,85.17618469015797,90.9316770186335,5.970528455284557
EQH,53.59297860669226,5,,81,,,95.54597701149423,78.25311942958999,95.54597701149423,6.420021762785636
MYFW,52.574002574002584,6,,71,,130.53,89.06976744186042,81.48734177215188,88.12095032397401,5.230914231856736
MURGY,51.77610333692143,5,,77,,,98.92307692307683,87.3239436619718,87.3239436619718,2.7047332832456887
DNKEY,51.37376879212028,6,1,84,,,92.5806451612903,86.87350835322194,86.87350835322194,4.452054794520548
DBD,50.741926098341594,5,,77,,,82.12039532794248,77.48226950354612,77.48226950354612,7.684805929393416
ESLOY,50.33362344067306,5,,72,,,94.88372093023258,70.9533128319821,94.88372093023258,3.1954473521489857
TELNY,49.38388625592416,5,,81,,,91.12426035502958,81.43322475570032,91.12426035502958,2.613855035279029
PCLB,49.31751509922348,5,,73,,,100.0,100.0,100.0,2.870397216584523
DMYY,49.23076923076922,7,,88,1,391.59,100.0,89.15662650602417,100.0,9.793814432989688
UVV,48.99314007523789,7,,75,1,53.59,96.04519774011298,96.04519774011298,96.04519774011298,13.01431127012522
CM,48.71249201957862,5,,81,,,96.14093959731548,93.24675324675322,93.24675324675322,2.604920405209837
KBCSY,48.63532700654748,5,,83,,,84.05197873597163,79.48523845571536,84.05197873597163,2.8905167293605243
GHC,48.6090775988287,5,,72,,,83.79233479542673,83.79233479542673,83.79233479542673,3.976621356043238
GTPS,47.78325123152709,5,,82,,,100.0,100.0,100.0,2.631578947368421
IBDRY,47.63973928500888,5,,84,,,98.48812095032397,84.13284132841324,84.13284132841324,2.160953800298061
SWDBY,47.51469802244789,5,,76,,,87.16216216216228,87.05882352941177,87.05882352941177,5.307971014492753
AAMI,46.946386946386944,5,,84,,,85.35714285714286,85.35714285714286,85.35714285714286,6.904231625835183
AMADY,46.92147186433941,5,,75,,,88.29663962920029,83.10463121783877,83.10463121783877,2.8993116322482786
HBCP,46.78720445062587,6,,78,,139.39,85.59423769507801,81.99445983379498,83.0841121495327,4.703595724003891
TT,46.43971155458663,5,,81,,,97.24236431553506,97.24236431553506,97.24236431553506,3.1372639019576374
DANOY,45.74649050371594,6,,77,,60.42,98.23008849557526,85.9315589353612,88.7218045112783,3.356481481481492
ADRNY,45.645543883429326,5,,78,,,92.34693877551027,92.34693877551027,92.34693877551027,3.4369114877589304
NRDBY,44.367530412326076,7,1,75,,88.35,98.61751152073735,98.61751152073735,98.61751152073735,2.667116812964222
ING,44.29708222811672,6,1,77,,,96.02272727272725,81.73913043478255,89.20086393088559,2.380952380952388
SPR,44.14814814814815,5,,79,,,94.20600858369106,92.73182957393486,92.73182957393486,3.905447070914705
BAP,43.765903307888024,5,,80,,,88.86332259549026,87.28789186079956,87.28789186079956,4.942137508509184
LZAGY,43.70588235294119,5,,76,,,91.57782515991492,91.57782515991492,91.57782515991492,2.800400057151013
LSBK,43.64406779661015,6,,72,1,,81.74807197943443,80.28169014084511,81.74807197943443,1.7034700315457385
EADSY,42.99120234604105,6,,74,,62.45,89.10256410256409,80.39430449069005,83.57142857142863,6.5164068908941735
ADP,42.66009426211787,5,,72,,,92.386685552408,92.386685552408,92.386685552408,3.6765374473373122
KRYAY,42.48200984724152,5,,72,,,82.14990138067058,70.10688042752172,77.2678762006403,2.6190689747959475
PLPC,42.09705531602605,6,,80,,236.31,92.39232945614594,75.21066039584561,92.39232945614594,8.867738759435504
CICHY,41.904047976011995,5,,82,,,90.17857142857143,89.58333333333329,89.58333333333329,6.708927628103538
TLGPY,41.872791519434614,5,,83,,,85.71428571428564,85.71428571428564,85.71428571428564,2.521793275217929
BMO,41.72512340867756,5,,77,,,100.0,100.0,100.0,2.0439963336388542
SLF,41.26265890971775,5,,78,,,96.00967351874246,89.06752411575563,89.06752411575563,2.303233679072613
FHI,40.58898847631243,5,,73,,,94.42934782608691,94.42934782608691,94.42934782608691,2.601969057665259
HCMLY,40.490081680280035,5,,73,,,93.11224489795912,86.97674418604662,86.97674418604662,6.423982869379015
MKL,38.40633655929122,5,,74,,,92.4507251766455,92.4507251766455,92.4507251766455,3.7987383142053672
CTAS,35.276761477634835,5,,73,,,94.8640483383686,83.24924318869832,83.24924318869832,2.8659919734775876
NTB,32.00849514563106,5,,79,,,90.31791907514457,90.31791907514457,90.31791907514457,4.895426338772686
